{
  "target": {
    "x": 0.2,
    "y": -0.1,
    "z": -0.1
  },
  "home": {
    "x": 0.2,
    "y": 0.0,
    "z": 0.1
  },
  "iterations": 2,
  "settling_time": 1.0,
  "timestamp": "2025-11-18T11:32:04.443485",
  "measurements": [
    {
      "iteration": 1,
      "target_measurement": {
        "move_success": true,
        "pose_success": true,
        "actual": {
          "x": 0.20013099908828735,
          "y": -0.09995099902153015,
          "z": -0.09973599761724472
        },
        "errors": {
          "error_x": -0.0001309990882873424,
          "error_y": -4.9000978469854184e-05,
          "error_z": -0.0002640023827552851,
          "euclidean_error": 0.00029876264010680133
        }
      },
      "home_measurement": {
        "move_success": true,
        "pose_success": true,
        "actual": {
          "x": 0.2003369927406311,
          "y": -5.0999999075429514e-05,
          "z": 0.09963800013065338
        },
        "errors": {
          "error_x": -0.0003369927406310924,
          "error_y": 5.0999999075429514e-05,
          "error_z": 0.0003619998693466242,
          "euclidean_error": 0.0004972011791525856
        }
      }
    },
    {
      "iteration": 2,
      "target_measurement": {
        "move_success": true,
        "pose_success": true,
        "actual": {
          "x": 0.19972500205039978,
          "y": -0.0995199978351593,
          "z": -0.09998899698257446
        },
        "errors": {
          "error_x": 0.00027499794960023083,
          "error_y": -0.0004800021648407038,
          "error_z": -1.100301742554266e-05,
          "euclidean_error": 0.0005533055366870642
        }
      },
      "home_measurement": {
        "move_success": true,
        "pose_success": true,
        "actual": {
          "x": 0.20039600133895874,
          "y": -2.5999999706982635e-05,
          "z": 0.0997370034456253
        },
        "errors": {
          "error_x": -0.00039600133895872913,
          "error_y": 2.5999999706982635e-05,
          "error_z": 0.0002629965543747004,
          "euclidean_error": 0.0004760884876310643
        }
      }
    }
  ],
  "initial_pose": {
    "x": 0.3202019929885864,
    "y": -0.0,
    "z": 0.2240629941225052
  },
  "statistics": {
    "target": {
      "count": 2,
      "error_x": {
        "mean": 7.199943065644421e-05,
        "std": 0.00020299851894378662,
        "min": -0.0001309990882873424,
        "max": 0.00027499794960023083,
        "rms": 0.0002153887571537173
      },
      "error_y": {
        "mean": -0.000264501571655279,
        "std": 0.0002155005931854248,
        "min": -0.0004800021648407038,
        "max": -4.9000978469854184e-05,
        "rms": 0.00034117676807101423
      },
      "error_z": {
        "mean": -0.00013750270009041388,
        "std": 0.00012649968266487122,
        "min": -0.0002640023827552851,
        "max": -1.100301742554266e-05,
        "rms": 0.0001868399375039165
      },
      "euclidean_error": {
        "mean": 0.0004260340883969327,
        "std": 0.00012727144829013142,
        "min": 0.00029876264010680133,
        "max": 0.0005533055366870642,
        "rms": 0.00044463812929850395
      }
    },
    "home": {
      "count": 2,
      "error_x": {
        "mean": -0.00036649703979491077,
        "std": 2.950429916381836e-05,
        "min": -0.00039600133895872913,
        "max": -0.0003369927406310924,
        "rms": 0.0003676827217147693
      },
      "error_y": {
        "mean": 3.8499999391206075e-05,
        "std": 1.249999968422344e-05,
        "min": 2.5999999706982635e-05,
        "max": 5.0999999075429514e-05,
        "rms": 4.0478388619465256e-05
      },
      "error_z": {
        "mean": 0.0003124982118606623,
        "std": 4.9501657485961914e-05,
        "min": 0.0002629965543747004,
        "max": 0.0003619998693466242,
        "rms": 0.00031639460569037655
      },
      "euclidean_error": {
        "mean": 0.000486644833391825,
        "std": 1.0556345760760652e-05,
        "min": 0.0004760884876310643,
        "max": 0.0004972011791525856,
        "rms": 0.0004867593145516353
      }
    }
  },
  "return_home_success": true,
  "return_home_message": "MovePointCmd executed successfully",
  "final_pose": {
    "x": 0.20024199783802032,
    "y": 0.00019500000053085387,
    "z": 0.09942100197076797
  }
}