{
  "target": {
    "x": 0.2,
    "y": -0.1,
    "z": -0.1
  },
  "home": {
    "x": 0.2,
    "y": 0.0,
    "z": 0.1
  },
  "iterations": 2,
  "settling_time": 1.0,
  "timestamp": "2025-11-18T11:29:59.304271",
  "measurements": [
    {
      "iteration": 1,
      "target_measurement": {
        "move_success": true,
        "pose_success": true,
        "actual": {
          "x": 0.2201939970254898,
          "y": -0.10047300159931183,
          "z": -0.1211019977927208
        },
        "errors": {
          "error_x": -0.020193997025489796,
          "error_y": 0.00047300159931182306,
          "error_z": 0.02110199779272079,
          "euclidean_error": 0.029211565470245435
        }
      },
      "home_measurement": {
        "move_success": true,
        "pose_success": true,
        "actual": {
          "x": 0.22007200121879578,
          "y": 0.0002280000044265762,
          "z": 0.07861600071191788
        },
        "errors": {
          "error_x": -0.020072001218795765,
          "error_y": -0.0002280000044265762,
          "error_z": 0.02138399928808213,
          "euclidean_error": 0.02932938189737476
        }
      }
    },
    {
      "iteration": 2,
      "target_measurement": {
        "move_success": true,
        "pose_success": true,
        "actual": {
          "x": 0.21926100552082062,
          "y": -0.09970100224018097,
          "z": -0.12200500071048737
        },
        "errors": {
          "error_x": -0.019261005520820607,
          "error_y": -0.0002989977598190363,
          "error_z": 0.02200500071048736,
          "euclidean_error": 0.029245440492528196
        }
      },
      "home_measurement": {
        "move_success": true,
        "pose_success": true,
        "actual": {
          "x": 0.21970300376415253,
          "y": -0.00010399999882793054,
          "z": 0.07767300307750702
        },
        "errors": {
          "error_x": -0.019703003764152516,
          "error_y": 0.00010399999882793054,
          "error_z": 0.022326996922492987,
          "euclidean_error": 0.02977774277723172
        }
      }
    }
  ],
  "initial_pose": {
    "x": 0.3202019929885864,
    "y": -0.0,
    "z": 0.2240629941225052
  },
  "statistics": {
    "target": {
      "count": 2,
      "error_x": {
        "mean": -0.0197275012731552,
        "std": 0.0004664957523345947,
        "min": -0.020193997025489796,
        "max": -0.019261005520820607,
        "rms": 0.01973301610928462
      },
      "error_y": {
        "mean": 8.700191974639337e-05,
        "std": 0.0003859996795654297,
        "min": -0.0002989977598190363,
        "max": 0.00047300159931182306,
        "rms": 0.00039568306340323977
      },
      "error_z": {
        "mean": 0.021553499251604075,
        "std": 0.0004515014588832855,
        "min": 0.02110199779272079,
        "max": 0.02200500071048736,
        "rms": 0.02155822774618246
      },
      "euclidean_error": {
        "mean": 0.029228502981386816,
        "std": 1.6937511141380812e-05,
        "min": 0.029211565470245435,
        "max": 0.029245440492528196,
        "rms": 0.029228507888912524
      }
    },
    "home": {
      "count": 2,
      "error_x": {
        "mean": -0.01988750249147414,
        "std": 0.00018449872732162476,
        "min": -0.020072001218795765,
        "max": -0.019703003764152516,
        "rms": 0.019888358281385958
      },
      "error_y": {
        "mean": -6.200000279932283e-05,
        "std": 0.00016600000162725337,
        "min": -0.0002280000044265762,
        "max": 0.00010399999882793054,
        "rms": 0.00017720045397053632
      },
      "error_z": {
        "mean": 0.021855498105287557,
        "std": 0.0004714988172054291,
        "min": 0.02138399928808213,
        "max": 0.022326996922492987,
        "rms": 0.021860583445206905
      },
      "euclidean_error": {
        "mean": 0.02955356233730324,
        "std": 0.00022418043992847997,
        "min": 0.02932938189737476,
        "max": 0.02977774277723172,
        "rms": 0.029554412592614914
      }
    }
  },
  "return_home_success": true,
  "return_home_message": "MovePointCmd executed successfully",
  "final_pose": {
    "x": 0.21970300376415253,
    "y": -0.00010399999882793054,
    "z": 0.07767300307750702
  }
}